,商品名,商品価格,商品説明文,商品URL,店舗名,店舗URL
1,入門マクロ経済学[本/雑誌] / 中谷巌/著 下井直毅/著 塚田裕昭/著,3080,ご注文前に必ずご確認ください＜商品説明＞入門テキストの原点に立ち帰ったさらにわかりやすい記述。マクロ経済学の基礎理論が体系的に学べる。＜収録内容＞1 イントロダクション(マクロ経済学とはGDPを理解する ほか)2 短期モデル:需要サイドを主とした分析(GDPはどのように決まるか貨幣の需給と利子率 ほか)3 長期均衡への調整:供給サイドから見たマクロ経済(短期モデルと長期モデルの比較物価水準はどのように決まるか ほか)4 消費・投資(消費と貯蓄投資決定の理論)5 さらにすすんだマクロ経済学(ケインジアン・マネタリスト以降のマクロ経済学マクロ経済政策の有効性について ほか)＜商品詳細＞商品番号：NEOBK-2590569Nakatani Iwao / Cho Shimoi Naoki / Cho Tsukada Hiroaki / Cho / Nyumon Macro Keizai Gakuメディア：本/雑誌重量：340g発売日：2021/02JAN：9784535557956入門マクロ経済学[本/雑誌] / 中谷巌/著 下井直毅/著 塚田裕昭/著2021/02発売,https://item.rakuten.co.jp/neowing-r/neobk-2590569/,ネオウィング 楽天市場店,https://www.rakuten.co.jp/neowing-r/
2,【中古】 マクロ経済学・ベーシック / 北坂 真一 / 有斐閣 [単行本]【メール便送料無料】【あす楽対応】,431,"著者：北坂 真一出版社：有斐閣サイズ：単行本ISBN-10：464108694XISBN-13：9784641086944■通常24時間以内に出荷可能です。※繁忙期やセール等、ご注文数が多い日につきましては　発送まで48時間かかる場合があります。あらかじめご了承ください。 ■メール便は、1冊から送料無料です。※宅配便の場合、2,500円以上送料無料です。※あす楽ご希望の方は、宅配便をご選択下さい。※「代引き」ご希望の方は宅配便をご選択下さい。※配送番号付きのゆうパケットをご希望の場合は、追跡可能メール便（送料210円）をご選択ください。■ただいま、オリジナルカレンダーをプレゼントしております。■お急ぎの方は「もったいない本舗　お急ぎ便店」をご利用ください。最短翌日配送、手数料298円から■まとめ買いの方は「もったいない本舗　おまとめ店」がお買い得です。■中古品ではございますが、良好なコンディションです。決済は、クレジットカード、代引き等、各種決済方法がご利用可能です。■万が一品質に不備が有った場合は、返金対応。■クリーニング済み。■商品画像に「帯」が付いているものがありますが、中古品のため、実際の商品には付いていない場合がございます。■商品状態の表記につきまして・非常に良い：　　使用されてはいますが、　　非常にきれいな状態です。　　書き込みや線引きはありません。・良い：　　比較的綺麗な状態の商品です。　　ページやカバーに欠品はありません。　　文章を読むのに支障はありません。・可：　　文章が問題なく読める状態の商品です。　　マーカーやペンで書込があることがあります。　　商品の痛みがある場合があります。",https://item.rakuten.co.jp/comicset/464108694x/,もったいない本舗　楽天市場店,https://www.rakuten.co.jp/comicset/
3,【中古】 マクロ経済学・ベーシック / 北坂 真一 / 有斐閣 [単行本]【メール便送料無料】【あす楽対応】,431,"著者：北坂 真一出版社：有斐閣サイズ：単行本ISBN-10：464108694XISBN-13：9784641086944■通常24時間以内に出荷可能です。※繁忙期やセール等、ご注文数が多い日につきましては　出荷まで48時間かかる場合があります。あらかじめご了承ください。 ■メール便は、1冊から送料無料です。※宅配便の場合、2,500円以上送料無料です。※あす楽ご希望の方は、宅配便をご選択下さい。※「代引き」ご希望の方は宅配便をご選択下さい。■中古品ではございますが、良好なコンディションです。決済は、クレジットカード、代引き等、各種決済方法がご利用可能です。■万が一品質に不備が有った場合は、返金対応。■クリーニング済み。■商品状態の表記につきまして・非常に良い：　　使用されてはいますが、　　非常にきれいな状態です。　　書き込みや線引きはありません。・良い：　　比較的綺麗な状態の商品です。　　ページやカバーに欠品はありません。　　文章を読むのに支障はありません。・可：　　文章が問題なく読める状態の商品です。　　マーカーやペンで書込があることがあります。　　商品の痛みがある場合があります。",https://item.rakuten.co.jp/furuhon-kaitori-honpo/464108694x/,古本買取本舗　楽天市場店,https://www.rakuten.co.jp/furuhon-kaitori-honpo/
4,【中古】 マクロ経済学・ベーシック / 北坂 真一 / 有斐閣 [単行本]【ネコポス発送】,431,"著者：北坂 真一出版社：有斐閣サイズ：単行本ISBN-10：464108694XISBN-13：9784641086944■通常24時間以内に出荷可能です。■ネコポスで送料は1～3点で298円、4点で328円。5点以上で600円からとなります。※2,500円以上の購入で送料無料。※多数ご購入頂いた場合は、宅配便での発送になる場合があります。■ただいま、オリジナルカレンダーをプレゼントしております。■送料無料の「もったいない本舗本店」もご利用ください。メール便送料無料です。■まとめ買いの方は「もったいない本舗　おまとめ店」がお買い得です。■中古品ではございますが、良好なコンディションです。決済はクレジットカード等、各種決済方法がご利用可能です。■万が一品質に不備が有った場合は、返金対応。■クリーニング済み。■商品画像に「帯」が付いているものがありますが、中古品のため、実際の商品には付いていない場合がございます。■商品状態の表記につきまして・非常に良い：　　使用されてはいますが、　　非常にきれいな状態です。　　書き込みや線引きはありません。・良い：　　比較的綺麗な状態の商品です。　　ページやカバーに欠品はありません。　　文章を読むのに支障はありません。・可：　　文章が問題なく読める状態の商品です。　　マーカーやペンで書込があることがあります。　　商品の痛みがある場合があります。",https://item.rakuten.co.jp/mottainaihonpo/464108694x/,もったいない本舗　お急ぎ便店,https://www.rakuten.co.jp/mottainaihonpo/
5,【中古】 マクロ経済学・ベーシック / 北坂 真一 / 有斐閣 [単行本]【宅配便出荷】,381,著者：北坂 真一出版社：有斐閣サイズ：単行本ISBN-10：464108694XISBN-13：9784641086944■通常24時間以内に出荷可能です。※繁忙期やセール等、ご注文数が多い日につきましては　発送まで72時間かかる場合があります。あらかじめご了承ください。■宅配便(送料398円)にて出荷致します。合計3980円以上は送料無料。■ただいま、オリジナルカレンダーをプレゼントしております。■送料無料の「もったいない本舗本店」もご利用ください。メール便送料無料です。■お急ぎの方は「もったいない本舗　お急ぎ便店」をご利用ください。最短翌日配送、手数料298円から■中古品ではございますが、良好なコンディションです。決済はクレジットカード等、各種決済方法がご利用可能です。■万が一品質に不備が有った場合は、返金対応。■クリーニング済み。■商品画像に「帯」が付いているものがありますが、中古品のため、実際の商品には付いていない場合がございます。■商品状態の表記につきまして・非常に良い：　　使用されてはいますが、　　非常にきれいな状態です。　　書き込みや線引きはありません。・良い：　　比較的綺麗な状態の商品です。　　ページやカバーに欠品はありません。　　文章を読むのに支障はありません。・可：　　文章が問題なく読める状態の商品です。　　マーカーやペンで書込があることがあります。　　商品の痛みがある場合があります。,https://item.rakuten.co.jp/mottainaihonpo-omatome/464108694x/,もったいない本舗　おまとめ店,https://www.rakuten.co.jp/mottainaihonpo-omatome/
6,クルーグマン　マクロ経済学　第2版 [ ポール・クルーグマン ],5500,"ポール・クルーグマン ロビン・ウェルス 東洋経済新報社クルーグマンマクロケイザイガクダイニハン ピーエーユーエル ケイアールユージーエムエーエヌ アールオービーアイエヌ ダブリューイーエルエルエス 発行年月：2019年09月06日 予約締切日：2019年06月26日 ページ数：804p サイズ：単行本 ISBN：9784492314906 原著第3版 クルーグマン，ポール（Krugman,Paul） ニューヨーク市立大学大学院センター教授。2008年、ノーベル経済学賞受賞。イェール大学で学士号を、MITで博士号を取得。現職以前には、イェール大学、スタンフォード大学、MIT、プリンストン大学で教鞭をとった。1982〜83年には1年間大統領経済諮問委員会（CEA）のスタッフもつとめた。主な研究分野は国際貿易。収穫逓増と不完全競争に焦点を置いた「新しい貿易理論」の創始者の1人である。国際金融、とくに通貨危機の問題にも取り組んでいる。1991年、アメリカ経済学会（AEA）のジョンベイツクラーク賞受賞。教育と学術研究に加えて、一般読者向けにも幅広く執筆活動を展開している。『ニューヨーク・タイムズ』紙の常任コラムニストである ウェルス，ロビン（Wells,Robin） エコノミスト。シカゴ大学で学士号を、カリフォルニア大学バークレー校で博士号を取得。その後MITで博士課程修了者として研究活動に携わる。ミシガン大学、サウサンプトン大学（イギリス）、スタンフォード大学、MIT、プリンストン大学で教鞭をとる。教育・研究の関心は組織論とインセンティブ理論にある 大山道広（オオヤマミチヒロ） 1938年東京都生まれ。1961年慶應義塾大学経済学部卒業。1972年ロチェスター大学Ph．D．。慶應義塾大学教授、東洋大学教授等を歴任。2017年5月逝去 石橋孝次（イシバシコウジ） 1964年山口県生まれ。1987年慶應義塾大学経済学部卒業。1998年ボストン大学Ph．D．。現在、慶應義塾大学経済学部教授 塩澤修平（シオザワシュウヘイ） 1955年東京都生まれ。1978年慶應義塾大学経済学部卒業。1986年ミネソタ大学Ph．D．。慶應義塾大学経済学部教授等を経て、東京国際大学学長 白井義昌（シライヨシマサ） 1963年大阪府生まれ。1988年慶應義塾大学経済学部卒業。1999年ノースウエスタン大学Ph．D．。現在、慶應義塾大学経済学部准教授 大東一郎（ダイトウイチロウ） 1964年千葉県生まれ。1995年慶應義塾大学大学院経済学研究科後期博士課程修了。慶應義塾大学博士（経済学）。現在、慶應義塾大学商学部教授 玉田康成（タマダヤスナリ） 1968年兵庫県生まれ。1992年慶應義塾大学経済学部卒業。2002年ウィスコンシン大学マジソン校Ph．D．。現在、慶應義塾大学経済学部准教授 蓬田守弘（ヨモギダモリヒロ） 1969年神奈川県生まれ。1992年慶應義塾大学経済学部卒業。2003年ロチェスター大学Ph．D．。現在、上智大学経済学部教授（本データはこの書籍が刊行された当時に掲載されていたものです） 1　経済学ってどんな学問？／2　供給と需要／3　マクロ経済学入門／4　長期の経済成長／5　短期の経済変動／6　安定化政策／7　事件とアイデア／8　開放経済 圧倒的におもしろいアカデミックエンターテインメント。私たちの身の周りのストーリーを通じて学ぶ「使える経済学」。豊富な事例、とくに現実のビジネスにそくしたエピソード満載。 本 ビジネス・経済・就職 経済・財政 経済学",https://item.rakuten.co.jp/book/15966438/,楽天ブックス,https://www.rakuten.co.jp/book/
7,【中古】マクロ経済学 地方上級・国家2種・国税専門官 2005年度版/TAC/TAC株式会社（単行本）,1737,◆◆◆非常にきれいな状態です。中古商品のため使用感等ある場合がございますが、品質には十分注意して発送いたします。 【毎日発送】 商品状態 著者名 TAC株式会社 出版社名 TAC 発売日 2004年02月 ISBN 9784813211273,https://item.rakuten.co.jp/vaboo/va1275321481u20/,VALUE BOOKS,https://www.rakuten.co.jp/vaboo/
8,【中古】マクロ経済学 入門の「一歩前」から応用まで 新版/有斐閣/平口良司（単行本（ソフトカバー））,391,◆◆◆非常にきれいな状態です。中古商品のため使用感等ある場合がございますが、品質には十分注意して発送いたします。 【毎日発送】 商品状態 著者名 平口良司、稲葉大 出版社名 有斐閣 発売日 2020年4月5日 ISBN 9784641150768,https://item.rakuten.co.jp/vaboo/va0761115464u20/,VALUE BOOKS,https://www.rakuten.co.jp/vaboo/
9,"【中古】 3時間でわかるマクロ経済学入門 / 早稲田公務員セミナー, 笠崎 泰之 / 早稲田経営出版 [単行本]【メール便送料無料】【あす楽対応】",506,"著者：早稲田公務員セミナー, 笠崎 泰之出版社：早稲田経営出版サイズ：単行本ISBN-10：4847105427ISBN-13：9784847105425■こちらの商品もオススメです ● 3時間でわかるミクロ経済学入門 / 早稲田公務員セミナー, 笠崎 泰之 / 早稲田経営出版 [単行本] ● マクロ経済学 / 伊藤 元重 / 日本評論社 [単行本（ソフトカバー）] ■通常24時間以内に出荷可能です。※繁忙期やセール等、ご注文数が多い日につきましては　発送まで48時間かかる場合があります。あらかじめご了承ください。 ■メール便は、1冊から送料無料です。※宅配便の場合、2,500円以上送料無料です。※あす楽ご希望の方は、宅配便をご選択下さい。※「代引き」ご希望の方は宅配便をご選択下さい。※配送番号付きのゆうパケットをご希望の場合は、追跡可能メール便（送料210円）をご選択ください。■ただいま、オリジナルカレンダーをプレゼントしております。■お急ぎの方は「もったいない本舗　お急ぎ便店」をご利用ください。最短翌日配送、手数料298円から■まとめ買いの方は「もったいない本舗　おまとめ店」がお買い得です。■中古品ではございますが、良好なコンディションです。決済は、クレジットカード、代引き等、各種決済方法がご利用可能です。■万が一品質に不備が有った場合は、返金対応。■クリーニング済み。■商品画像に「帯」が付いているものがありますが、中古品のため、実際の商品には付いていない場合がございます。■商品状態の表記につきまして・非常に良い：　　使用されてはいますが、　　非常にきれいな状態です。　　書き込みや線引きはありません。・良い：　　比較的綺麗な状態の商品です。　　ページやカバーに欠品はありません。　　文章を読むのに支障はありません。・可：　　文章が問題なく読める状態の商品です。　　マーカーやペンで書込があることがあります。　　商品の痛みがある場合があります。",https://item.rakuten.co.jp/comicset/4847105427/,もったいない本舗　楽天市場店,https://www.rakuten.co.jp/comicset/
10,"【中古】 3時間でわかるマクロ経済学入門 / 早稲田公務員セミナー, 笠崎 泰之 / 早稲田経営出版 [単行本]【宅配便出荷】",456,"著者：早稲田公務員セミナー, 笠崎 泰之出版社：早稲田経営出版サイズ：単行本ISBN-10：4847105427ISBN-13：9784847105425■こちらの商品もオススメです ● 3時間でわかるミクロ経済学入門 / 早稲田公務員セミナー, 笠崎 泰之 / 早稲田経営出版 [単行本] ● マクロ経済学 / 伊藤 元重 / 日本評論社 [単行本（ソフトカバー）] ■通常24時間以内に出荷可能です。※繁忙期やセール等、ご注文数が多い日につきましては　発送まで72時間かかる場合があります。あらかじめご了承ください。■宅配便(送料398円)にて出荷致します。合計3980円以上は送料無料。■ただいま、オリジナルカレンダーをプレゼントしております。■送料無料の「もったいない本舗本店」もご利用ください。メール便送料無料です。■お急ぎの方は「もったいない本舗　お急ぎ便店」をご利用ください。最短翌日配送、手数料298円から■中古品ではございますが、良好なコンディションです。決済はクレジットカード等、各種決済方法がご利用可能です。■万が一品質に不備が有った場合は、返金対応。■クリーニング済み。■商品画像に「帯」が付いているものがありますが、中古品のため、実際の商品には付いていない場合がございます。■商品状態の表記につきまして・非常に良い：　　使用されてはいますが、　　非常にきれいな状態です。　　書き込みや線引きはありません。・良い：　　比較的綺麗な状態の商品です。　　ページやカバーに欠品はありません。　　文章を読むのに支障はありません。・可：　　文章が問題なく読める状態の商品です。　　マーカーやペンで書込があることがあります。　　商品の痛みがある場合があります。",https://item.rakuten.co.jp/mottainaihonpo-omatome/4847105427/,もったいない本舗　おまとめ店,https://www.rakuten.co.jp/mottainaihonpo-omatome/
11,"【中古】 3時間でわかるマクロ経済学入門 / 早稲田公務員セミナー, 笠崎 泰之 / 早稲田経営出版 [単行本]【ネコポス発送】",506,"著者：早稲田公務員セミナー, 笠崎 泰之出版社：早稲田経営出版サイズ：単行本ISBN-10：4847105427ISBN-13：9784847105425■こちらの商品もオススメです ● 3時間でわかるミクロ経済学入門 / 早稲田公務員セミナー, 笠崎 泰之 / 早稲田経営出版 [単行本] ● マクロ経済学 / 伊藤 元重 / 日本評論社 [単行本（ソフトカバー）] ■通常24時間以内に出荷可能です。■ネコポスで送料は1～3点で298円、4点で328円。5点以上で600円からとなります。※2,500円以上の購入で送料無料。※多数ご購入頂いた場合は、宅配便での発送になる場合があります。■ただいま、オリジナルカレンダーをプレゼントしております。■送料無料の「もったいない本舗本店」もご利用ください。メール便送料無料です。■まとめ買いの方は「もったいない本舗　おまとめ店」がお買い得です。■中古品ではございますが、良好なコンディションです。決済はクレジットカード等、各種決済方法がご利用可能です。■万が一品質に不備が有った場合は、返金対応。■クリーニング済み。■商品画像に「帯」が付いているものがありますが、中古品のため、実際の商品には付いていない場合がございます。■商品状態の表記につきまして・非常に良い：　　使用されてはいますが、　　非常にきれいな状態です。　　書き込みや線引きはありません。・良い：　　比較的綺麗な状態の商品です。　　ページやカバーに欠品はありません。　　文章を読むのに支障はありません。・可：　　文章が問題なく読める状態の商品です。　　マーカーやペンで書込があることがあります。　　商品の痛みがある場合があります。",https://item.rakuten.co.jp/mottainaihonpo/4847105427/,もったいない本舗　お急ぎ便店,https://www.rakuten.co.jp/mottainaihonpo/
12,"【中古】 3時間でわかるマクロ経済学入門 / 早稲田公務員セミナー, 笠崎 泰之 / 早稲田経営出版 [単行本]【メール便送料無料】【あす楽対応】",506,"著者：早稲田公務員セミナー, 笠崎 泰之出版社：早稲田経営出版サイズ：単行本ISBN-10：4847105427ISBN-13：9784847105425■通常24時間以内に出荷可能です。※繁忙期やセール等、ご注文数が多い日につきましては　出荷まで48時間かかる場合があります。あらかじめご了承ください。 ■メール便は、1冊から送料無料です。※宅配便の場合、2,500円以上送料無料です。※あす楽ご希望の方は、宅配便をご選択下さい。※「代引き」ご希望の方は宅配便をご選択下さい。■中古品ではございますが、良好なコンディションです。決済は、クレジットカード、代引き等、各種決済方法がご利用可能です。■万が一品質に不備が有った場合は、返金対応。■クリーニング済み。■商品状態の表記につきまして・非常に良い：　　使用されてはいますが、　　非常にきれいな状態です。　　書き込みや線引きはありません。・良い：　　比較的綺麗な状態の商品です。　　ページやカバーに欠品はありません。　　文章を読むのに支障はありません。・可：　　文章が問題なく読める状態の商品です。　　マーカーやペンで書込があることがあります。　　商品の痛みがある場合があります。",https://item.rakuten.co.jp/furuhon-kaitori-honpo/4847105427/,古本買取本舗　楽天市場店,https://www.rakuten.co.jp/furuhon-kaitori-honpo/
13,【中古】新・らくらくマクロ経済学入門 試験対応 /洋泉社/茂木喜久雄（単行本（ソフトカバー））,644,◆◆◆非常にきれいな状態です。中古商品のため使用感等ある場合がございますが、品質には十分注意して発送いたします。 【毎日発送】 商品状態 著者名 茂木喜久雄 出版社名 洋泉社 発売日 2017年10月11日 ISBN 9784800313102,https://item.rakuten.co.jp/vaboo/va3104031480u20/,VALUE BOOKS,https://www.rakuten.co.jp/vaboo/
14,"【中古】 ジョーンズ　マクロ経済学 2（短期変動編） / チャールズ I.ジョーンズ, 宮川 努, 荒井 信幸, 大久保 正勝, 釣　雅雄, 徳井 丞次, 細 / [単行本]【メール便送料無料】【あす楽対応】",1747,"著者：チャールズ I.ジョーンズ, 宮川 努, 荒井 信幸, 大久保 正勝, 釣　雅雄, 徳井 丞次, 細谷　圭出版社：東洋経済新報社サイズ：単行本ISBN-10：4492314172ISBN-13：9784492314173■こちらの商品もオススメです ● ジョーンズ　マクロ経済学 1（長期成長編） / チャールズ I.ジョーンズ / 東洋経済新報社 [単行本] ■通常24時間以内に出荷可能です。※繁忙期やセール等、ご注文数が多い日につきましては　発送まで48時間かかる場合があります。あらかじめご了承ください。 ■メール便は、1冊から送料無料です。※宅配便の場合、2,500円以上送料無料です。※あす楽ご希望の方は、宅配便をご選択下さい。※「代引き」ご希望の方は宅配便をご選択下さい。※配送番号付きのゆうパケットをご希望の場合は、追跡可能メール便（送料210円）をご選択ください。■ただいま、オリジナルカレンダーをプレゼントしております。■お急ぎの方は「もったいない本舗　お急ぎ便店」をご利用ください。最短翌日配送、手数料298円から■まとめ買いの方は「もったいない本舗　おまとめ店」がお買い得です。■中古品ではございますが、良好なコンディションです。決済は、クレジットカード、代引き等、各種決済方法がご利用可能です。■万が一品質に不備が有った場合は、返金対応。■クリーニング済み。■商品画像に「帯」が付いているものがありますが、中古品のため、実際の商品には付いていない場合がございます。■商品状態の表記につきまして・非常に良い：　　使用されてはいますが、　　非常にきれいな状態です。　　書き込みや線引きはありません。・良い：　　比較的綺麗な状態の商品です。　　ページやカバーに欠品はありません。　　文章を読むのに支障はありません。・可：　　文章が問題なく読める状態の商品です。　　マーカーやペンで書込があることがあります。　　商品の痛みがある場合があります。",https://item.rakuten.co.jp/comicset/4492314172/,もったいない本舗　楽天市場店,https://www.rakuten.co.jp/comicset/
15,"【中古】 ジョーンズ　マクロ経済学 2（短期変動編） / チャールズ I.ジョーンズ, 宮川 努, 荒井 信幸, 大久保 正勝, 釣　雅雄, 徳井 丞次, 細谷　圭 / 東洋経済新報 [単行本]【ネコポス発送】",1747,"著者：チャールズ I.ジョーンズ, 宮川 努, 荒井 信幸, 大久保 正勝, 釣　雅雄, 徳井 丞次, 細谷　圭出版社：東洋経済新報社サイズ：単行本ISBN-10：4492314172ISBN-13：9784492314173■こちらの商品もオススメです ● ジョーンズ　マクロ経済学 1（長期成長編） / チャールズ I.ジョーンズ / 東洋経済新報社 [単行本] ■通常24時間以内に出荷可能です。■ネコポスで送料は1～3点で298円、4点で328円。5点以上で600円からとなります。※2,500円以上の購入で送料無料。※多数ご購入頂いた場合は、宅配便での発送になる場合があります。■ただいま、オリジナルカレンダーをプレゼントしております。■送料無料の「もったいない本舗本店」もご利用ください。メール便送料無料です。■まとめ買いの方は「もったいない本舗　おまとめ店」がお買い得です。■中古品ではございますが、良好なコンディションです。決済はクレジットカード等、各種決済方法がご利用可能です。■万が一品質に不備が有った場合は、返金対応。■クリーニング済み。■商品画像に「帯」が付いているものがありますが、中古品のため、実際の商品には付いていない場合がございます。■商品状態の表記につきまして・非常に良い：　　使用されてはいますが、　　非常にきれいな状態です。　　書き込みや線引きはありません。・良い：　　比較的綺麗な状態の商品です。　　ページやカバーに欠品はありません。　　文章を読むのに支障はありません。・可：　　文章が問題なく読める状態の商品です。　　マーカーやペンで書込があることがあります。　　商品の痛みがある場合があります。",https://item.rakuten.co.jp/mottainaihonpo/4492314172/,もったいない本舗　お急ぎ便店,https://www.rakuten.co.jp/mottainaihonpo/
16,"【中古】 ジョーンズ　マクロ経済学 2（短期変動編） / チャールズ I.ジョーンズ, 宮川 努, 荒井 信幸, 大久保 正勝, 釣　雅雄, 徳井 丞次, 細谷　圭 / 東洋経済新報社 [単行本]【宅配便出荷】",1697,"著者：チャールズ I.ジョーンズ, 宮川 努, 荒井 信幸, 大久保 正勝, 釣　雅雄, 徳井 丞次, 細谷　圭出版社：東洋経済新報社サイズ：単行本ISBN-10：4492314172ISBN-13：9784492314173■こちらの商品もオススメです ● ジョーンズ　マクロ経済学 1（長期成長編） / チャールズ I.ジョーンズ / 東洋経済新報社 [単行本] ■通常24時間以内に出荷可能です。※繁忙期やセール等、ご注文数が多い日につきましては　発送まで72時間かかる場合があります。あらかじめご了承ください。■宅配便(送料398円)にて出荷致します。合計3980円以上は送料無料。■ただいま、オリジナルカレンダーをプレゼントしております。■送料無料の「もったいない本舗本店」もご利用ください。メール便送料無料です。■お急ぎの方は「もったいない本舗　お急ぎ便店」をご利用ください。最短翌日配送、手数料298円から■中古品ではございますが、良好なコンディションです。決済はクレジットカード等、各種決済方法がご利用可能です。■万が一品質に不備が有った場合は、返金対応。■クリーニング済み。■商品画像に「帯」が付いているものがありますが、中古品のため、実際の商品には付いていない場合がございます。■商品状態の表記につきまして・非常に良い：　　使用されてはいますが、　　非常にきれいな状態です。　　書き込みや線引きはありません。・良い：　　比較的綺麗な状態の商品です。　　ページやカバーに欠品はありません。　　文章を読むのに支障はありません。・可：　　文章が問題なく読める状態の商品です。　　マーカーやペンで書込があることがあります。　　商品の痛みがある場合があります。",https://item.rakuten.co.jp/mottainaihonpo-omatome/4492314172/,もったいない本舗　おまとめ店,https://www.rakuten.co.jp/mottainaihonpo-omatome/
17,"【中古】 ジョーンズ　マクロ経済学 2（短期変動編） / チャールズ I.ジョーンズ, 宮川 努, 荒井 信幸, 大久保 正勝, 釣　雅雄, 徳井 丞次, 細 / [単行本]【メール便送料無料】【あす楽対応】",1747,"著者：チャールズ I.ジョーンズ, 宮川 努, 荒井 信幸, 大久保 正勝, 釣　雅雄, 徳井 丞次, 細谷　圭出版社：東洋経済新報社サイズ：単行本ISBN-10：4492314172ISBN-13：9784492314173■通常24時間以内に出荷可能です。※繁忙期やセール等、ご注文数が多い日につきましては　出荷まで48時間かかる場合があります。あらかじめご了承ください。 ■メール便は、1冊から送料無料です。※宅配便の場合、2,500円以上送料無料です。※あす楽ご希望の方は、宅配便をご選択下さい。※「代引き」ご希望の方は宅配便をご選択下さい。■中古品ではございますが、良好なコンディションです。決済は、クレジットカード、代引き等、各種決済方法がご利用可能です。■万が一品質に不備が有った場合は、返金対応。■クリーニング済み。■商品状態の表記につきまして・非常に良い：　　使用されてはいますが、　　非常にきれいな状態です。　　書き込みや線引きはありません。・良い：　　比較的綺麗な状態の商品です。　　ページやカバーに欠品はありません。　　文章を読むのに支障はありません。・可：　　文章が問題なく読める状態の商品です。　　マーカーやペンで書込があることがあります。　　商品の痛みがある場合があります。",https://item.rakuten.co.jp/furuhon-kaitori-honpo/4492314172/,古本買取本舗　楽天市場店,https://www.rakuten.co.jp/furuhon-kaitori-honpo/
18,【中古】公務員試験新スーパー過去問ゼミ6　マクロ経済学 地方上級／国家総合職・一般職・専門職 /実務教育出版/資格試験研究会（単行本（ソフトカバー））,604,◆◆◆おおむね良好な状態です。中古商品のため若干のスレ、日焼け、使用感等ある場合がございますが、品質には十分注意して発送いたします。 【毎日発送】 商品状態 著者名 資格試験研究会 出版社名 実務教育出版 発売日 2020年12月10日 ISBN 9784788937369,https://item.rakuten.co.jp/vaboo/va7360893478u30/,VALUE BOOKS,https://www.rakuten.co.jp/vaboo/
19,【中古】マクロ経済学をつかむ /有斐閣/竹田陽介（単行本）,625,◆◆◆おおむね良好な状態です。中古商品のため若干のスレ、日焼け、使用感等ある場合がございますが、品質には十分注意して発送いたします。 【毎日発送】 商品状態 著者名 竹田陽介、小巻泰之 出版社名 有斐閣 発売日 2006年12月 ISBN 9784641177024,https://item.rakuten.co.jp/vaboo/va7023117464u30/,VALUE BOOKS,https://www.rakuten.co.jp/vaboo/
20,【中古】マクロ経済学の基礎 /中央経済社/家森　信善（単行本）,348,◆◆◆書き込みがあります。全体的に傷みがあります。全体的に汚れがあります。迅速・丁寧な発送を心がけております。【毎日発送】 商品状態 著者名 家森　信善 出版社名 中央経済社 発売日 2017年2月24日 ISBN 9784502211812,https://item.rakuten.co.jp/vaboo/ub55230228-0008/,VALUE BOOKS,https://www.rakuten.co.jp/vaboo/
21,【中古】入門マクロ経済学 /中央経済社/嶋村紘輝（単行本）,1419,◆◆◆非常にきれいな状態です。中古商品のため使用感等ある場合がございますが、品質には十分注意して発送いたします。 【毎日発送】 商品状態 著者名 嶋村紘輝 出版社名 中央経済社 発売日 1999年06月 ISBN 9784502637520,https://item.rakuten.co.jp/vaboo/va7521263450u20/,VALUE BOOKS,https://www.rakuten.co.jp/vaboo/
22,【中古】公務員試験新スーパー過去問ゼミ6　マクロ経済学 地方上級／国家総合職・一般職・専門職 /実務教育出版/資格試験研究会（単行本（ソフトカバー））,638,◆◆◆非常にきれいな状態です。中古商品のため使用感等ある場合がございますが、品質には十分注意して発送いたします。 【毎日発送】 商品状態 著者名 資格試験研究会 出版社名 実務教育出版 発売日 2020年12月10日 ISBN 9784788937369,https://item.rakuten.co.jp/vaboo/va7360893478u20/,VALUE BOOKS,https://www.rakuten.co.jp/vaboo/
23,【中古】 コア・テキストマクロ経済学 第2版 / 宮尾 龍蔵 / 新世社 [単行本]【メール便送料無料】【あす楽対応】,1915,"著者： 宮尾 龍蔵出版社：新世社サイズ：単行本ISBN-10：4883842541ISBN-13：9784883842544■通常24時間以内に出荷可能です。※繁忙期やセール等、ご注文数が多い日につきましては　出荷まで48時間かかる場合があります。あらかじめご了承ください。 ■メール便は、1冊から送料無料です。※宅配便の場合、2,500円以上送料無料です。※あす楽ご希望の方は、宅配便をご選択下さい。※「代引き」ご希望の方は宅配便をご選択下さい。■中古品ではございますが、良好なコンディションです。決済は、クレジットカード、代引き等、各種決済方法がご利用可能です。■万が一品質に不備が有った場合は、返金対応。■クリーニング済み。■商品状態の表記につきまして・非常に良い：　　使用されてはいますが、　　非常にきれいな状態です。　　書き込みや線引きはありません。・良い：　　比較的綺麗な状態の商品です。　　ページやカバーに欠品はありません。　　文章を読むのに支障はありません。・可：　　文章が問題なく読める状態の商品です。　　マーカーやペンで書込があることがあります。　　商品の痛みがある場合があります。",https://item.rakuten.co.jp/furuhon-kaitori-honpo/4883842541/,古本買取本舗　楽天市場店,https://www.rakuten.co.jp/furuhon-kaitori-honpo/
24,【中古】 コア・テキストマクロ経済学 第2版 / 宮尾 龍蔵 / 新世社 [単行本]【ネコポス発送】,1915,"著者： 宮尾 龍蔵出版社：新世社サイズ：単行本ISBN-10：4883842541ISBN-13：9784883842544■通常24時間以内に出荷可能です。■ネコポスで送料は1～3点で298円、4点で328円。5点以上で600円からとなります。※2,500円以上の購入で送料無料。※多数ご購入頂いた場合は、宅配便での発送になる場合があります。■ただいま、オリジナルカレンダーをプレゼントしております。■中古品ではございますが、良好なコンディションです。決済はクレジットカード等、各種決済方法がご利用可能です。■万が一品質に不備が有った場合は、返金対応。■クリーニング済み。■商品画像に「帯」が付いているものがありますが、中古品のため、実際の商品には付いていない場合がございます。■商品状態の表記につきまして・非常に良い：　　使用されてはいますが、　　非常にきれいな状態です。　　書き込みや線引きはありません。・良い：　　比較的綺麗な状態の商品です。　　ページやカバーに欠品はありません。　　文章を読むのに支障はありません。・可：　　文章が問題なく読める状態の商品です。　　マーカーやペンで書込があることがあります。　　商品の痛みがある場合があります。",https://item.rakuten.co.jp/mottainaihonpo/4883842541/,もったいない本舗　お急ぎ便店,https://www.rakuten.co.jp/mottainaihonpo/
25,【中古】 コア・テキストマクロ経済学 第2版 / 宮尾 龍蔵 / 新世社 [単行本]【メール便送料無料】【あす楽対応】,1915,"著者： 宮尾 龍蔵出版社：新世社サイズ：単行本ISBN-10：4883842541ISBN-13：9784883842544■通常24時間以内に出荷可能です。※繁忙期やセール等、ご注文数が多い日につきましては　発送まで48時間かかる場合があります。あらかじめご了承ください。 ■メール便は、1冊から送料無料です。※宅配便の場合、2,500円以上送料無料です。※あす楽ご希望の方は、宅配便をご選択下さい。※「代引き」ご希望の方は宅配便をご選択下さい。※配送番号付きのゆうパケットをご希望の場合は、追跡可能メール便（送料210円）をご選択ください。■ただいま、オリジナルカレンダーをプレゼントしております。■中古品ではございますが、良好なコンディションです。決済は、クレジットカード、代引き等、各種決済方法がご利用可能です。■万が一品質に不備が有った場合は、返金対応。■クリーニング済み。■商品画像に「帯」が付いているものがありますが、中古品のため、実際の商品には付いていない場合がございます。■商品状態の表記につきまして・非常に良い：　　使用されてはいますが、　　非常にきれいな状態です。　　書き込みや線引きはありません。・良い：　　比較的綺麗な状態の商品です。　　ページやカバーに欠品はありません。　　文章を読むのに支障はありません。・可：　　文章が問題なく読める状態の商品です。　　マーカーやペンで書込があることがあります。　　商品の痛みがある場合があります。",https://item.rakuten.co.jp/comicset/4883842541/,もったいない本舗　楽天市場店,https://www.rakuten.co.jp/comicset/
26,【中古】 コア・テキストマクロ経済学 第2版 / 宮尾 龍蔵 / 新世社 [単行本]【宅配便出荷】,1865,著者： 宮尾 龍蔵出版社：新世社サイズ：単行本ISBN-10：4883842541ISBN-13：9784883842544■通常24時間以内に出荷可能です。※繁忙期やセール等、ご注文数が多い日につきましては　発送まで72時間かかる場合があります。あらかじめご了承ください。■宅配便(送料398円)にて出荷致します。合計3980円以上は送料無料。■ただいま、オリジナルカレンダーをプレゼントしております。■中古品ではございますが、良好なコンディションです。決済はクレジットカード等、各種決済方法がご利用可能です。■万が一品質に不備が有った場合は、返金対応。■クリーニング済み。■商品画像に「帯」が付いているものがありますが、中古品のため、実際の商品には付いていない場合がございます。■商品状態の表記につきまして・非常に良い：　　使用されてはいますが、　　非常にきれいな状態です。　　書き込みや線引きはありません。・良い：　　比較的綺麗な状態の商品です。　　ページやカバーに欠品はありません。　　文章を読むのに支障はありません。・可：　　文章が問題なく読める状態の商品です。　　マーカーやペンで書込があることがあります。　　商品の痛みがある場合があります。,https://item.rakuten.co.jp/mottainaihonpo-omatome/4883842541/,もったいない本舗　おまとめ店,https://www.rakuten.co.jp/mottainaihonpo-omatome/
27,入門マクロ経済学,3080,中谷巌／著 下井直毅／著 塚田裕昭／著本詳しい納期他、ご注文時はご利用案内・返品のページをご確認ください出版社名日本評論社出版年月2021年03月サイズ415P 22cmISBNコード9784535557956経済 経済 マクロ経済学商品説明入門マクロ経済学ニユウモン マクロ ケイザイガク入門テキストの原点に立ち帰ったさらにわかりやすい記述。マクロ経済学の基礎理論が体系的に学べる。1 イントロダクション（マクロ経済学とは｜GDPを理解する ほか）｜2 短期モデル：需要サイドを主とした分析（GDPはどのように決まるか｜貨幣の需給と利子率 ほか）｜3 長期均衡への調整：供給サイドから見たマクロ経済（短期モデルと長期モデルの比較｜物価水準はどのように決まるか ほか）｜4 消費・投資（消費と貯蓄｜投資決定の理論）｜5 さらにすすんだマクロ経済学（ケインジアン・マネタリスト以降のマクロ経済学｜マクロ経済政策の有効性について ほか）※ページ内の情報は告知なく変更になることがあります。あらかじめご了承ください登録日2021/03/01,https://item.rakuten.co.jp/guruguru2/9784535557956/,ぐるぐる王国　楽天市場店,https://www.rakuten.co.jp/guruguru2/
28,私大文系のマクロ経済学,2530,高橋知也／著本詳しい納期他、ご注文時はご利用案内・返品のページをご確認ください出版社名中央経済社出版年月2001年09月サイズ178P 21cmISBNコード9784502643903経済 経済 マクロ経済学商品説明私大文系のマクロ経済学シダイ ブンケイ ノ マクロ ケイザイガク※ページ内の情報は告知なく変更になることがあります。あらかじめご了承ください登録日2013/04/04,https://item.rakuten.co.jp/guruguru2/9784502643903/,ぐるぐる王国　楽天市場店,https://www.rakuten.co.jp/guruguru2/
29,父が息子に語るマクロ経済学 [ 齊藤　誠 ],2750,齊藤　誠 勁草書房BKSCPN_【biz2016】BKSCPN_【高額商品】 チチガムスコニカタルマクロケイザイガク サイトウ　マコト 発行年月：2014年08月31日 予約締切日：2014年08月08日 ページ数：368p サイズ：単行本 ISBN：9784326504008 本 ビジネス・経済・就職 経済・財政 経済学,https://item.rakuten.co.jp/book/12861325/,楽天ブックス,https://www.rakuten.co.jp/book/
30,【中古】 マクロ経済学 / 資格試験研究会 / 実務教育出版 [単行本]【メール便送料無料】【あす楽対応】,339,"著者：資格試験研究会出版社：実務教育出版サイズ：単行本ISBN-10：478893986XISBN-13：9784788939868■通常24時間以内に出荷可能です。※繁忙期やセール等、ご注文数が多い日につきましては　出荷まで48時間かかる場合があります。あらかじめご了承ください。 ■メール便は、1冊から送料無料です。※宅配便の場合、2,500円以上送料無料です。※あす楽ご希望の方は、宅配便をご選択下さい。※「代引き」ご希望の方は宅配便をご選択下さい。■中古品ではございますが、良好なコンディションです。決済は、クレジットカード、代引き等、各種決済方法がご利用可能です。■万が一品質に不備が有った場合は、返金対応。■クリーニング済み。■商品状態の表記につきまして・非常に良い：　　使用されてはいますが、　　非常にきれいな状態です。　　書き込みや線引きはありません。・良い：　　比較的綺麗な状態の商品です。　　ページやカバーに欠品はありません。　　文章を読むのに支障はありません。・可：　　文章が問題なく読める状態の商品です。　　マーカーやペンで書込があることがあります。　　商品の痛みがある場合があります。",https://item.rakuten.co.jp/furuhon-kaitori-honpo/478893986x/,古本買取本舗　楽天市場店,https://www.rakuten.co.jp/furuhon-kaitori-honpo/
